id,fecha_publicacion,dia_semana,hora,tipo,caption,hook_primera_linea,tema,link,views,alcance,likes,comentarios,guardados,compartidos,tiempo_promedio_seg,actualizado
18616169593023686,26/8/2026 21:00:08,miércoles,30/12/1899 21:00:00,Reel,"Si estás por Segovia, guardate este plan porque Sepúlveda es una escapadita que vale muchísimo la pena 🤍
Es uno de esos pueblos que parecen sacados de una película: callecitas de piedra, miradores increíbles y un ambiente súper tranquilo para pasar la tarde sin apuro 🏘️✨

Mis recomendaciones: 📍 Perderte por el casco histórico 📍 Visitar la iglesia de El Salvador 📍 Subir a los miradores 📍 Recorrer las Hoces del Río Duratón 📍 Y, si te da el tiempo, sentarte a comer algo rico y disfrutar del pueblo

Amiga, si buscás un plan diferente para pasar una tarde cerca de Madrid, Sepúlveda es una joyita 🫶🏼

¿Vos ya conocías este lugar? 👀

#sepulveda #españa #pueblosdeespaña #escapada #madrid","Si estás por Segovia, guardate este plan porque Sepúlveda es una escapadita que vale muchísimo la pena 🤍",Guías y rutas,https://www.instagram.com/reel/Dcg6iWLRJIv/,1057,728,405,97,6,95,7.5,26/9/2026 6:07:32
17915574450241839,26/8/2026 19:45:37,miércoles,30/12/1899 19:45:00,Reel,"Si estás por Segovia, guardate este plan porque Sepúlveda es una escapadita que vale muchísimo la pena 🤍
Es uno de esos pueblos que parecen sacados de una película: callecitas de piedra, miradores increíbles y un ambiente súper tranquilo para pasar la tarde sin apuro 🏘️✨

Mis recomendaciones: 📍 Perderte por el casco histórico 📍 Visitar la iglesia de El Salvador 📍 Subir a los miradores 📍 Recorrer las Hoces del Río Duratón 📍 Y, si te da el tiempo, sentarte a comer algo rico y disfrutar del pueblo

Amiga, si buscás un plan diferente para pasar una tarde cerca de Madrid, Sepúlveda es una joyita 🫶🏼

¿Vos ya conocías este lugar? 👀

#sepulveda #españa #pueblosdeespaña #escapada #madrid","Si estás por Segovia, guardate este plan porque Sepúlveda es una escapadita que vale muchísimo la pena 🤍",Guías y rutas,https://www.instagram.com/reel/Dcgx2C9OVIp/,119,113,1,0,1,,2.9,26/9/2026 6:07:33
17951563995237514,11/8/2026 18:15:02,martes,30/12/1899 18:15:00,Carrusel,"Elche no estaba en tu lista… pero debería 🌴✨ Guardá esta ruta para descubrir un lugar distinto

#elche #palmeras🌴 #planesverano #quehacerenelche #verano

Acá bajás el ritmo sin darte cuenta 🌿 Pequeño, pero de esos lugares que te hacen frenar
En lo personal me encantó, es muy tranquilo el lugar, tenes muchos rincones demasiado hermosos y está súper cuidado, limpio y ordenado 10/10

#huertodelcura #pavosreales #naturaleza

No parece España… pero lo es 🌴 Un lugar diferente, tranquilo y que casi nadie valora
Súper lindo sobretodo si queres estar fresquito en verano

#palmeralelche

Sin multitudes, sin apuro… solo caminar ✨ Así se disfruta de verdad

#centrohistoricoelche

El corazón de la ciudad ⛪ Rápido de ver, pero imposible de saltear

#basilicadesantamaria

Elche no es una ciudad de “checklist”
👉 es para ir lento
👉 para desconectar
👉 para disfrutar lo simple
A veces viajar es simplemente bajar un cambio 🌴",Elche no estaba en tu lista… pero debería 🌴✨ Guardá esta ruta para descubrir un lugar distinto,Guías y rutas,https://www.instagram.com/p/Db5_rsbDWEg/,747,615,435,149,10,,,26/9/2026 6:07:34
18041033024809694,21/7/2026 19:57:09,martes,30/12/1899 19:57:00,Reel,"✨ SHEIN HAUL ✨

Por fin les enseño los 3 vestidos que me pedí de Shein y necesito que me ayuden a decidir💖

¿Cuál es su favorito?
✨ 1, 2 o 3... ¡Los leo! 👇

.
.
.
.
@shein_spain @sheinofficial 
#sheinhaul #sheinfinds #vestidosshein #outfitinspiration #fashionﬁnds",✨ SHEIN HAUL ✨,Moda / compras,https://www.instagram.com/reel/DbEGDipOX3n/,2542,757,516,127,8,2695,5,26/9/2026 6:07:35
17947949919236781,13/7/2026 18:04:18,lunes,30/12/1899 18:04:00,Carrusel,"⚠️ Los 10 spots donde tenés que sacarte una foto en Salamanca 🇪🇸📸

Si vas a Salamanca y no pasás por estos lugares… posta te estás perdiendo lo mejor 😮‍💨
Es una ciudad que parece una película: piedra dorada, miradores, historia en cada esquina y rincones que te sorprenden sin avisar ✨

📍 Acá tenés los 10 spots más fotogénicos que tenés que guardar sí o sí: • Miradores con vistas increíbles • Puentes y torres históricas • Rincones secretos para fotos únicas 📸 • Y un mapa para que no te pierdas ninguno
.
💡 Guardalo antes del viaje así lo tenés a mano
.
💬 ¿Cuántos de estos conocías?
.
.
.
.
#salamanca #queverensalamanca #escapada 

📍1 - Embarcadero del río Tormes Un rincón tranqui al lado del agua 🌿 Ideal para fotos relajadas con reflejos y buena luz

📍2 - Puente Romano Más de 2.000 años de historia 🌉 Uno de los spots más icónicos de Salamanca, y al atardecer es otro nivel 🌅
.
.
.
.
#salamanca #puenteromano #riotormes #fotossalamanca #españa 

📍3 - Mirador de la Celestina Una de las mejores vistas de toda la ciudad ✨ Perfecto para fotos con el casco histórico de fondo

📍4 - Mirador de Santo Domingo Más tranquilo, menos gente 😌 Ideal si querés fotos sin que te molesten
.
.
.
.
#miradoressalamanca #fotospot #salamanca #españa 

📍 5 - Ieronimus (torres de la Catedral) Subís acá y Salamanca queda abajo tuyo 🔝 Vistas increíbles de toda la ciudad

📍 6 - Mirador de las Claras Chiquito pero re lindo ✨ De esos lugares que no esperás y te sorprenden
.
.
.
.
#catedralsalamanca #ieronimus

📍 7 - Scala Coeli Un mirador con historia y vistas increíbles ⛪ Perfecto para fotos verticales bien dramáticas 📸

📍 8 - Cerro de San Vicente Uno de los puntos más antiguos de la ciudad 🏺 El atardecer acá es de los mejores 🌅

📍 9 - Mirador de los Irlandeses Un spot poco conocido pero con vistas zarpadas ✨ Ideal si querés fotos sin gente alrededor

📍 10 - Palacio de Monterrey Arquitectura increíble 🏰 Uno de los edificios más lindos y fotogénicos de Salamanca

🗺️ Mapa con los 10 spots en Salamanca 📍

Acá tenés todas las ubicaciones juntas para que armes la ruta sin perderte ninguno ✨

💡 Guardalo antes del viaje así lo usás de guía
Porque en Salamanca… cada esquina",⚠️ Los 10 spots donde tenés que sacarte una foto en Salamanca 🇪🇸📸,Guías y rutas,https://www.instagram.com/p/DavTWNCjbX4/,606,611,435,93,20,9,,26/9/2026 6:07:37
17956771016982972,8/7/2026 22:32:12,miércoles,30/12/1899 22:32:00,Reel,"A veces, el mejor destino no está en el mapa… 🌍✨

Está en ese lugar donde todo se queda en silencio.
Sin notificaciones, sin prisa, sin tener que responderle al mundo.

Solo vos, el momento y lo que realmente importa.

Viajar también es eso: desconectarte un rato para volver a conectar con lo que estás viviendo de verdad.

Porque hay viajes que no se miden en kilómetros… sino en lo que te hacen sentir. 🤍

#viajar #desconectarparaconectar #momentosreales #viajesconalma #slowtravel","A veces, el mejor destino no está en el mapa… 🌍✨",Reflexión viajera,https://www.instagram.com/reel/Dai5ukRulEI/,118,99,0,0,,,6.6,26/9/2026 6:07:38
17861699142645627,3/7/2026 20:17:10,viernes,30/12/1899 20:17:00,Reel,"Si hiciste scroll… ya llegaste tarde 😮‍💨🔥

Esto no fue un concierto, fue UNA LOCURA.
Gente cantando, energía por las nubes y momentos que no se repiten.

@lennykravitz @manuelcarrasco_ @anamenaoficial @alvarodeluna @lolabozzano

Decime la verdad… ¿estuviste o te lo perdiste? 👀👇

#fyp #viral #concierto #madrid #lennykravitz",Si hiciste scroll… ya llegaste tarde 😮‍💨🔥,Eventos / Madrid,https://www.instagram.com/reel/DaVydrKuf0Q/,109,104,2,0,,,3.2,26/9/2026 6:07:38
18098961494334647,3/7/2026 16:25:56,viernes,30/12/1899 16:25:00,Reel,"Lo que pasó esa noche no se explica… se siente 🔥

Luces, energía y miles de personas cantando a la vez.
Un escenario, varios artistas increíbles y momentos que se quedan para siempre.

@lennykravitz @manuelcarrasco_ @anamenaoficial @alvarodeluna @lolabozzano

Esto fue más que música… fue una locura. 🎶✨

Estuviste ahí o te lo perdiste? 👀

#iberdrola #livemusic #lennykravitz #festivalvibes #madrid",Lo que pasó esa noche no se explica… se siente 🔥,Eventos / Madrid,https://www.instagram.com/reel/DaVX9TIOCOV/,7632,889,800,71,6,14,6,26/9/2026 6:07:40
18462697495105887,1/7/2026 17:48:17,miércoles,30/12/1899 17:48:00,Carrusel,"Mini guía Salamanca en 2 días (NO la borres antes de viajar) 🇪🇸✨

Esto NO es una lista típica de monumentos… es la ruta real para ver Salamanca bien en solo 48 horas👇

Salamanca es una de esas ciudades que te atrapan sin avisar: piedra dorada, calles con historia y rincones que parecen de película ✨
Si la visitas sin plan, te vas a perder lo mejor.
.
💡 Guarda esto si quieres recorrer Salamanca sin improvisar mal
📌 Porque 2 días acá pasan más rápido de lo que imaginas 💬 Sos de los que planifica o de los que se pierde sin mapa?
.
.
.
.
.
.

#salamanca #queverensalamanca #salamancaespaña #viajesespaña #escapadas 

📍 Itinerario día 1 en Salamanca
Un día para recorrer el corazón histórico de la ciudad 👇

👑 Plaza Mayor — el alma de Salamanca. Siempre viva, dorada y perfecta a cualquier hora del día

🐚 Casa de las Conchas — fachada única con más de 300 conchas. Uno de los edificios más fotografiados

🔔 Torres de la Clerecía — subí para ver Salamanca desde las alturas. Vistas espectaculares de la ciudad

🎓 Universidad de Salamanca — la más antigua de España. Buscá la rana en la fachada… si la encontras, trae suerte 🐸

🏛️ Palacio / Plaza de Anaya — zona universitaria con mucha vida y arquitectura histórica

⛪ Catedral Vieja y Nueva — dos estilos en un mismo lugar. Desde lo románico hasta lo gótico… y con sorpresa escondida 🚀

🌿 Huerto de Calixto y Melibea — jardín tranquilo con vistas a la catedral. Perfecto para descansar

🌉 Puente Romano del Tormes — más de 2.000 años de historia. El atardecer aca es otro nivel 🌅

🎨 Casa Lis — museo modernista lleno de luz, color y vitrales únicos
.
.
.
.
.
.

#salamanca #queverensalamanca #viajesespaña #itinerariosdeviaje escapadas

📍 Itinerario día 2 en Salamanca
Un día más tranquilo para perderte (literalmente) por la ciudad ✨

🏛️ Convento de San Esteban — una de las fachadas más impresionantes del plateresco. Te deja en silencio mirándolo 😮

🏛️ Convento de las Dueñas — claustro precioso y uno de los rincones más tranquilos del centro histórico

🔔 Torre del Clavero — torre medieval icónica que parece sacada de otra época

🚶‍♀️ Perderte por el casco antiguo — sin mapa, sin ruta… solo caminar entre calles con",Mini guía Salamanca en 2 días (NO la borres antes de viajar) 🇪🇸✨,Guías y rutas,https://www.instagram.com/p/DaQX-ZVjfva/,667,1185,401,63,27,10,,26/9/2026 6:07:42
17948852667229121,30/6/2026 18:01:40,martes,30/12/1899 18:01:00,Reel,"⚠️ Pará un segundo.

¿De verdad necesitás más cosas… o más momentos?

Hay algo que solo entendés viajando:
no es lo que comprás… es lo que vivís.

Esos momentos que no se planean,
que llegan sin avisar
y se quedan con vos para siempre 🌍

Porque lo que vivís… no se pierde.

💭 Comentá con un emoji ese momento que repetirías mil veces
📌 Guardalo para cuando necesites acordarte de esto
📤 Y mandáselo a esa persona con la que te irías ya

#viajar #travelgram #wanderlust #experiencias #momentos",⚠️ Pará un segundo.,Reflexión viajera,https://www.instagram.com/reel/DaN0pcQtiAH/,232,172,3,0,,4,3.4,26/9/2026 6:07:43
17977263030104897,30/6/2026 17:54:00,martes,30/12/1899 17:54:00,Reel,"“No todos los que vagan están perdidos.” 🚶‍♀️💫
Hay momentos en los que no tenés todo claro… y está bien.

No siempre hace falta tener un plan perfecto para avanzar.
A veces estás explorando, probando, cambiando de dirección, buscando algo que todavía no sabés cómo llamar 🌍

Y viajar tiene mucho de eso: moverte sin certezas, pero con ganas.
Confiar en el camino, en lo que aparece, en lo que te sorprende cuando menos lo esperás ✨

💡 Porque no se trata de saber exactamente a dónde vas… sino de animarte a ir igual

📌 Guardalo si estás en esa etapa de “no sé bien, pero sigo”

💬 ¿Sos de los que necesitan tener todo organizado o te gusta dejarte llevar?

#viajar #travel #wanderlust #viajes",“No todos los que vagan están perdidos.” 🚶‍♀️💫,Reflexión viajera,https://www.instagram.com/reel/DaNzydcNaFh/,132,102,1,0,,,4.4,26/9/2026 6:07:44
18205872883346861,26/6/2026 20:18:26,viernes,30/12/1899 20:18:00,Reel,"No tener todo claro también está bien 🚶‍♀️💫

A veces avanzar sin saber exactamente a dónde vas… es justo lo que necesitás

💡Lo importante no es tener el plan perfecto, es moverte

📌 Guardalo si estás en esa etapa de “ver qué pasa”

💬 ¿Sos de planear o improvisar?

#viajes #travel #motivacion #wanderlust",No tener todo claro también está bien 🚶‍♀️💫,Reflexión viajera,https://www.instagram.com/reel/DaDxK6YOpG9/,1057,607,419,33,5,72,17.9,26/9/2026 6:07:45
17920846011384409,23/6/2026 19:35:25,martes,30/12/1899 19:35:00,Carrusel,"París puede ser caro… pero también puede ser GRATIS si sabes cómo ✈️💸

Sí, viajar a París barato es posible (y mejor de lo que imaginas).
No todo es pagar entradas o gastar en cada plan…
muchas veces, lo mejor de la ciudad es simplemente vivirla: caminar, mirar, perderte ✨

En este post te dejo planes GRATIS en París que sí valen la pena 👇

Porque París no es lo que gastas, es lo que vivís

📌 Guarda este post si quieres viajar a París sin gastar de más
.
.
.
.
#paris #tipsdeviaje #parisgratis #viajarbarato 

📍Museos gratis
Sabías que podes visitar museos GRATIS en París? 🏛️ El primer domingo de cada mes muchos tienen entrada libre (como el Louvre en fechas específicas).

📍 Arco del Triunfo No necesitas pagar para disfrutarlo → verlo desde abajo ya es impresionante ✨

Tip viajero: planifica tu viaje con estas fechas y ahorra dinero 💸

#parisgratis #museosparis #louvre #arcodetriunfo #viajarabarato 

📍 Torre Eiffel gratis
Ver la Torre Eiffel iluminada es uno de los mejores planes en París ✨ Cada hora brilla… y no cuesta nada.
De hecho, muchos dicen que es mejor verla así que subir 😉

Tip: quedate hasta la noche para vivir el momento completo 🌙

#torreeiffel #parisdenoche #parisgratis #planesparis #viajes 

📍 Pasear por el París icónico
Champs-Élysées puede ser turístico… pero caminarlo es GRATIS 🖤 Es el lugar perfecto para sentir el ambiente de París.

📍 Jardín de las Tullerías Un rincón ideal para descansar, sentarte y simplemente disfrutar 🌿

Tip: los mejores planes muchas veces no cuestan nada

#parisicónico #champselysees #tullerias #parisgratis #viajes 

📍 Louvre y Notre Dame gratis
El patio del Louvre ya es un plan en sí mismo ✨ No hace falta entrar para disfrutar la pirámide.

📍 Catedral de Notre Dame Verla por fuera y recorrer la zona ya vale totalmente la pena

Tip: caminar por París ES el plan 🖤

#louvre #notredame #parisgratis #viajes

📍 Bonus gratis en París (que pocos aprovechan)
Los mejores planes en París no siempre están en guías 👇
• Librerías antiguas 📚 • Sentarte junto al Sena# • Ver artistas callejeros 🎶

Ahí es donde realmente sentis la ciudad ✨

Tip: deja espacio para improvisar en tu viaje

#parissecretos #parisgratis",París puede ser caro… pero también puede ser GRATIS si sabes cómo ✈️💸,Guías y rutas,https://www.instagram.com/p/DZ794BcDtP4/,706,377,194,99,12,7,,26/9/2026 6:07:46
18063150938717592,22/6/2026 21:35:50,lunes,30/12/1899 21:35:00,Carrusel,"Viajar ligero no es solo una decisión… es una forma de viajar mejor 🧳✨
Después de muchos viajes, hay algo que siempre se repite: terminas usando siempre lo mismo y el resto sobra 👀

Por eso los looks que realmente funcionan no son los más llamativos, sino los que se pueden mezclar entre sí sin pensar demasiado 🤍

La clave está en que cada prenda tenga más de una vida dentro del mismo viaje: que sirva para caminar todo el día, pero también para una cena sin cambiar todo el outfit 🖤

💡 Menos decisiones = más tiempo disfrutando del viaje
Y lo mejor… todo entra en una sola maleta si lo haces bien ✈️

Outfit base neutra para mujer 🤍
Cómo combinar colores neutros de forma fácil

Este look con tonos claros abajo + blusa neutra arriba es ideal para outfits de diario, looks casuales y estilo minimalista.

Perfecto si buscas:
• outfits básicos elegantes
• looks para café o paseo
• cómo vestir bien con básicos

Tip: cambia los accesorios y conviértelo en look de noche ✨

#outfitsmujer #lookcasual #estilominimalista #outfitneutro #modabasica 

Outfit negro elegante sin esfuerzo 🖤
Ideas de looks total black para mujer

El vestido negro o conjunto negro es el básico imprescindible si quieres verte sofisticada sin complicarte.

Ideal para:
• looks elegantes mujer
• outfits de noche sencillos
• estilo minimal chic

El negro estiliza, combina con todo y siempre eleva tu look ✨

#totalblack #outfitnegro #lookelegante #modamujer #estilochic 

Cómo combinar jeans 👖
El básico más versátil de tu armario

Un buen jean + diferentes tops = múltiples outfits con la misma prenda 🙌

Perfecto para:
• el día a día, es un outfit casual diario

Cambia el top y transforma completamente tu estilo 🔥

#jeansmujer #outfitcasual #lookdiario #modabasica #outfitconjeans

Vestido fluido: el outfit perfecto de día a noche 👗
Cómo transformar un look con accesorios

Un vestido versátil es clave para crear outfits para día o noche sin esfuerzo.

Ideal para:
• looks de día y noche, es un outfit versátil 
• estilo femenino y cómodo

Solo cambia zapatos y accesorios para un look completamente distinto ✨

#vestidomujer #outfitversatil #lookfemenino #modaelegante #outfitdia",Viajar ligero no es solo una decisión… es una forma de viajar mejor 🧳✨,Tips de viaje,https://www.instagram.com/p/DZ5m3LVjtnh/,473,389,71,8,5,33,,26/9/2026 6:07:47
18177850618365123,16/6/2026 21:56:02,martes,30/12/1899 21:56:00,Carrusel,"París no es caro… si sabés cómo vivirlo🇫🇷
Porque lo mejor de esta ciudad no siempre cuesta plata.
Está en caminar sin rumbo, en frenar en un puente al atardecer, en sentarte a mirar la vida pasar como si no tuvieras apuro✨

Hay planes que no aparecen en ningún ticket: perderte por Montmartre, descubrir calles en Le Marais o simplemente ver la Torre Eiffel desde lejos… y sentir que ya vale todo el viaje

💡A veces, el mejor plan en París es no tener plan

Guardá este post para cuando viajes y quieras disfrutar la ciudad sin gastar de más📌",París no es caro… si sabés cómo vivirlo🇫🇷,Guías y rutas,https://www.instagram.com/p/DZqMZ2sDvtc/,317,187,200,67,4,,,26/9/2026 6:07:48
18059434238739135,13/6/2026 21:58:24,sábado,30/12/1899 21:58:00,Reel,"Hay lugares que visitás… y otros que se quedan viviendo con vos🗺️❤️

No sabés por qué, pero vuelven a tu cabeza una y otra vez💡Y ahí entendés que viajar también es sentir

📌 Guardalo si un lugar te marcó

💬 ¿Cuál se te quedó a vos?

#viajar #travel #travelgram #wanderlust",Hay lugares que visitás… y otros que se quedan viviendo con vos🗺️❤️,Reflexión viajera,https://www.instagram.com/reel/DZieOzNu8jo/,472,322,152,12,4,4,10.3,26/9/2026 6:07:50
18146178226510989,11/6/2026 20:26:27,jueves,30/12/1899 20:26:00,Carrusel,"Montmartre en París 🇫🇷 no se recorre… se siente ✨
Calles con artistas, escaleras infinitas, cafés escondidos y rincones que parecen película 🎬

📍 Qué no te podes perder:
* Basílica del Sacré-Cœur
* Plaza de los artistas
* Calles alrededor de Rue de l’Abreuvoir
* Las cafeterías que encuentres

⏰ Tip real: Anda temprano o quedate al atardecer (cambia completamente la experiencia)

💾 Guardalo si queres perderte bien en Montmartre sin perder lo mejor",Montmartre en París 🇫🇷 no se recorre… se siente ✨,Guías y rutas,https://www.instagram.com/p/DZdKLSDjl9G/,246,216,118,19,6,38,,26/9/2026 6:07:50
17992228445985675,8/6/2026 21:39:31,lunes,30/12/1899 21:39:00,Carrusel,"El bolso de avión es, en realidad, lo que define qué tan cómodo es tu viaje ✈️

Porque cuando estás volando durante horas, lo que llevas con vos no es “por si acaso”… es lo que te salva el viaje 👀

Desde tener batería, algo de entretenimiento, comodidad o incluso un snack cuando todo se alarga más de lo previsto, cada cosa cumple una función real en el momento del vuelo 🧳

💡 Viajar bien no empieza al aterrizar… empieza en el avión
Y con el tiempo aprendes que hay cosas que nunca deberían ir en la maleta facturada, sino siempre con vos 🎒

📌 Guarda este post si quieres preparar mejor tu próximo vuelo y viajar más cómodo","El bolso de avión es, en realidad, lo que define qué tan cómodo es tu viaje ✈️",Tips y equipaje,https://www.instagram.com/p/DZVkJ1wjtsN/,249,185,156,18,6,5,,26/9/2026 6:07:51
18427981399193065,5/6/2026 17:50:34,viernes,30/12/1899 17:50:00,Carrusel,"París en 2 días 🇫🇷✨
La ruta más completa con TODOS los lugares icónicos que sí o sí tienes que ver 🗼⛪🎨

📍 Torre Eiffel + Trocadéro
 🌿 Paseo por el Sena
 🏛️ Arco del Triunfo + Champs-Élysées
 🎨 Louvre + Tullerías
 ⛪ Notre Dame + Sainte-Chapelle + Conciergerie
 🌿 Jardines de Luxemburgo
 🏛️ Plaza de la Concordia
Extras si te da tiempo 👀

💡 Es una ruta intensa, pero perfecta para no perderte lo esencial

👉 Guárdalo si estás planeando tu viaje",París en 2 días 🇫🇷✨,Guías y rutas,https://www.instagram.com/p/DZNbkYtjY3n/,253,160,100,18,3,28,,26/9/2026 6:07:52
18175748002365152,3/6/2026 18:38:36,miércoles,30/12/1899 18:38:00,Reel,"Desconectar para reconectar 🌿✨

A veces el mejor destino no es el más famoso… sino ese donde el mundo se pone en pausa

Sin ruido, sin notificaciones, sin apuro. Solo vos, el momento y lo que estás viviendo de verdad💡Porque hay viajes que no se explican… se sienten

📌 Guardalo si necesitás desconectar un poco

💬 ¿Te irías a un lugar sin señal?

#viajes #travel #desconexion #experiencias",Desconectar para reconectar 🌿✨,Reflexión viajera,https://www.instagram.com/reel/DZIXb6OutIX/,441,322,149,6,3,4,4.8,26/9/2026 6:07:54
17996616275953319,2/6/2026 18:03:07,martes,30/12/1899 18:03:00,Carrusel,"Si estás planeando una escapada de fin de semana, esto es lo que realmente necesitas llevar para viajar ligero, práctico y sin estrés ✈️✨

Muchas veces llevamos de más… y terminamos usando siempre lo mismo 👀
La clave de una buena escapada no es llevar todo, sino llevar lo justo para moverte cómodo, improvisar planes y disfrutar sin cargar peso 🧳

💡 Cuando viajas ligero, todo se vuelve más fácil: desde el aeropuerto hasta caminar por la ciudad sin preocuparte por nada
Y al final, un fin de semana perfecto no depende de cuánto llevas… sino de lo libre que te sientes al viajar

📌Guarda este post si eres de los que siempre duda qué meter en la maleta antes de una escapada","Si estás planeando una escapada de fin de semana, esto es lo que realmente necesitas llevar para viajar ligero, práctico y sin estrés ✈️✨",Tips y equipaje,https://www.instagram.com/p/DZFunoXDani/,175,135,109,9,3,2,,26/9/2026 6:07:55
17893525677496568,1/6/2026 20:38:40,lunes,30/12/1899 20:38:00,Reel,"Momentos > cosas ✨🌍
Hay algo que entendés viajando: no necesitás más cosas, necesitás más momentos

Esos que no se planean, que pasan y se quedan con vos para siempre 🧳
💡Porque lo que vivís… no se pierde

📌 Guardalo si sos de los que eligen experiencias

💬 ¿Qué momento repetirías mil veces?

#viajar #travelgram #wanderlust #experiencias",Momentos > cosas ✨🌍,Reflexión viajera,https://www.instagram.com/reel/DZDblE3NzRn/,268,200,48,2,3,10,10.5,26/9/2026 6:07:56
18127293778529209,30/5/2026 20:30:51,sábado,30/12/1899 20:30:00,Carrusel,"📍París en 1 día parece imposible… pero no lo es si sabes cómo moverte 👀

Este es el tipo de ruta que te hace sentir que aprovechas la ciudad de verdad, sin perder tiempo dando vueltas sin sentido 🗼🚶‍♀️

💡 París no se trata de correr, sino de saber qué SÍ vale la pena ver en poco tiempo

Guárdalo si estás organizando tu viaje ✈️

💬 COMENTA “GUÍA” y te paso la ruta en Google Maps lista para seguir paso a paso

¿Eres de los que intentan verlo todo o de los que prefieren disfrutar sin prisas? 👀

#paris #parisfrance #viajes #travel #tipsdeviaje",📍París en 1 día parece imposible… pero no lo es si sabes cómo moverte 👀,Guías y rutas,https://www.instagram.com/p/DY-RJC9Di3x/,269,123,62,4,4,8,,26/9/2026 6:07:57
17913412995201328,30/5/2026 19:08:23,sábado,30/12/1899 19:08:00,Reel,"Viajar es la respuesta… aunque todavía no tengas clara la pregunta 🙌✈️✨

Porque a veces no se trata de encontrar un destino perfecto, sino de moverte, cambiar de aire y ver las cosas desde otro lugar 🌍

Hay viajes que te ordenan la cabeza sin que te des cuenta, y otros que simplemente te recuerdan lo lindo que es estar vivo 🧳

💡 No siempre viajás para escapar… muchas veces viajás para volver distinto

📌 Guardá este post si también sentís que viajar siempre suma, sea cual sea el motivo",Viajar es la respuesta… aunque todavía no tengas clara la pregunta 🙌✈️✨,Reflexión viajera,https://www.instagram.com/reel/DY-HVYROIfw/,555,389,146,8,4,6,4.7,26/9/2026 6:07:58